train_frac_end,test_width,train_rows,test_rows,test_auprc,test_precision,test_recall,test_f1
0.3,0.1,149897,49938,0.9998873572664689,0.9925373134328358,1.0,0.9962546816479401
0.6,0.1,299762,50011,1.0,1.0,1.0,1.0
0.9,0.1,449735,49933,1.0,1.0,1.0,1.0
