train_frac_end,test_width,train_rows,test_rows,test_auprc,test_precision,test_recall,test_f1
0.3,0.1,159540,49880,0.002465918203688853,0.002465918203688853,1.0,0.004919704817710938
0.6,0.1,306177,48392,1.0000000000000002,1.0,1.0,1.0
0.9,0.1,451289,48374,1.0,1.0,1.0,1.0
