train_frac_end,test_width,train_rows,test_rows,test_auprc,test_precision,test_recall,test_f1
0.3,0.1,149938,50015,0.9940653374092682,0.972972972972973,1.0,0.9863013698630136
0.6,0.1,300004,49992,1.0000000000000002,1.0,1.0,1.0
0.9,0.1,450008,49992,1.0,1.0,1.0,1.0
