precision,recall,f1,auprc,threshold
0.982185273159145,1.0,0.9910125823846615,0.9987592716693334,0.06076360493898392
