cv_fold,auprc
1,0.8936545213703457
2,0.9224064224401727
3,0.8965742241941811
4,0.981840681874432
5,0.9345864033377701
