precision,recall,f1,auprc,threshold
0.9497396422911478,0.9861307005171603,0.9675931265136662,0.9954222143747697,0.010859254747629166
