cv_fold,auprc
1,0.8010716003726096
2,0.8542929606317119
3,0.8152243062802159
4,0.9341102485832026
5,0.8238173290690807
